model_key,model_name,fake_total,fake_TP_to_FN,fake_TP_to_FN_ratio_percent,fake_FN_to_TP,mean_prob_fake_orig,mean_prob_fake_jpeg,mean_prob_fake_drop,median_prob_fake_drop
resnet18,ResNet18,6000,144,2.4,4,0.9249694226901872,0.8968536431063173,0.0281157795838698,0.0003060996532439
vit_b16,ViT-B/16,6000,102,1.7000000000000002,19,0.9349837453806532,0.9181953201473306,0.0167884252333223,5.96046447642884e-07
dinov3_vit_b16,DINOv3-ViT-B/16,6000,247,4.116666666666666,0,0.9714884969888614,0.9278040121067532,0.043684484882108,0.0001351833343505
